0.13467712700366974,0.0,-73.9770867430442,4.63684858432498,40.08968609865471
0.13467712700366974,0.05820441246032715,-73.9770867430442,4.63684858432498,40.08968609865471
0.13474881649017334,0.05820441246032715,-73.9770867430442,4.63684858432498,40.08968609865471
0.13474881649017334,0.058238375931978226,-73.9770867430442,4.63684858432498,40.08968609865471
0.13469740748405457,0.058238375931978226,-73.9770867430442,4.63684858432498,40.08968609865471
0.13469740748405457,0.05811757594347,-73.9770867430442,4.63684858432498,40.08968609865471
0.13460732996463776,0.05811757594347,-74.22258592471358,4.63684858432498,40.0
0.13460732996463776,0.05807025358080864,-73.7315875613748,5.129257283545343,39.55156950672645
0.1345231831073761,0.05807025358080864,-73.7315875613748,5.129257283545343,39.55156950672645
0.1345231831073761,0.058239828795194626,-73.7315875613748,5.129257283545343,39.55156950672645
0.13469120860099792,0.058239828795194626,-73.89525368248772,5.129257283545343,39.55156950672645
0.13469120860099792,0.058277107775211334,-73.9770867430442,5.129257283545343,39.55156950672645
0.13460296392440796,0.058277107775211334,-73.81342062193126,5.129257283545343,39.55156950672645
0.13460296392440796,0.05823800712823868,-73.81342062193126,5.129257283545343,39.55156950672645
0.13445764780044556,0.05823800712823868,-73.64975450081833,5.047189167008611,39.55156950672645
0.13445764780044556,0.058310627937316895,-73.64975450081833,5.047189167008611,39.55156950672645
0.1344980001449585,0.058310627937316895,-73.64975450081833,5.047189167008611,39.55156950672645
0.1344980001449585,0.05885057523846626,-73.64975450081833,5.047189167008611,39.55156950672645
0.13435375690460205,0.05885057523846626,-73.64975450081833,5.129257283545343,39.55156950672645
0.13435375690460205,0.05867942422628403,-73.64975450081833,4.883052933935161,39.82062780269058
0.13436806201934814,0.05867942422628403,-73.56792144026187,4.554780467788248,40.26905829596413
0.13436806201934814,0.058772146701812744,-73.56792144026187,4.554780467788248,40.35874439461884
0.13426131010055542,0.058772146701812744,-73.56792144026187,4.8009848173984295,40.0
0.13426131010055542,0.05880986526608467,-72.74959083469722,5.129257283545343,39.55156950672645
0.13428016006946564,0.05880986526608467,-69.39443535188217,5.129257283545343,39.46188340807174
0.13428016006946564,0.05875023454427719,-68.08510638297872,5.129257283545343,39.46188340807174
0.1343444436788559,0.05875023454427719,-66.93944353518822,5.129257283545343,39.46188340807174
0.1343444436788559,0.058903295546770096,-65.95744680851064,5.129257283545343,39.46188340807174
0.1354847401380539,0.058903295546770096,-64.07528641571194,5.129257283545343,39.46188340807174
0.1354847401380539,0.0591878667473793,-63.42062193126023,5.129257283545343,39.46188340807174
0.13713638484477997,0.0591878667473793,-63.01145662847791,5.129257283545343,39.46188340807174
0.13713638484477997,0.059473924338817596,-62.765957446808514,5.129257283545343,39.46188340807174
0.1392296850681305,0.059473924338817596,-61.37479541734861,5.211325400082075,39.37219730941703
0.1392296850681305,0.06015376001596451,-59.49263502454992,5.211325400082075,39.37219730941703
0.1445269137620926,0.06015376001596451,-50.245499181669395,5.5395978662289735,37.57847533632287
0.1445269137620926,0.06119730323553085,-49.09983633387889,7.180960196963483,35.96412556053812
0.16391077637672424,0.06119730323553085,-42.96235679214403,13.007796471071003,28.430493273542623
0.16391077637672424,0.06115936115384102,-42.38952536824877,13.254000820681156,27.174887892376674
0.17954730987548828,0.06115936115384102,-41.243862520458265,13.746409519901519,26.726457399103126
0.17954730987548828,0.06216921657323837,-40.50736497545008,15.469839967172746,24.573991031390136
0.19500239193439484,0.06216921657323837,-39.03436988543372,19.491177677472308,18.834080717488803
0.19500239193439484,0.06281236559152603,-38.1342062193126,20.804267542059904,16.860986547085204
0.2130471020936966,0.06281236559152603,-35.27004909983633,26.549035699630693,8.3408071748879
0.2130471020936966,0.06366165727376938,-34.77905073649754,28.764874846122297,5.112107623318394
0.25890877842903137,0.06366165727376938,-30.687397708674297,46.40951990151828,-22.242152466367713
0.25890877842903137,0.06927894055843353,-30.60556464811785,46.65572425112842,-22.421524663677133
0.2816320061683655,0.06927894055843353,-30.687397708674297,46.73779236766515,-22.421524663677133
0.2816320061683655,0.07082799822092056,-30.687397708674297,46.73779236766515,-22.421524663677133
0.2843018174171448,0.07082799822092056,-30.60556464811785,46.81986048420188,-22.511210762331828
0.2843018174171448,0.07181929051876068,-30.60556464811785,46.73779236766515,-22.421524663677133
0.2849576771259308,0.07181929051876068,-28.068739770867438,46.65572425112842,-21.524663677130036
0.2849576771259308,0.07125334441661835,-26.759410801963995,46.65572425112842,-21.524663677130036
0.2846037745475769,0.07125334441661835,-25.531914893617028,46.65572425112842,-21.43497757847534
0.2846037745475769,0.07174251228570938,-24.95908346972176,46.65572425112842,-20.807174887892373
0.28511470556259155,0.07174251228570938,-24.95908346972176,46.40951990151828,-18.47533632286995
0.28511470556259155,0.07043137401342392,-24.95908346972176,46.32745178498155,-18.295964125560545
0.28539755940437317,0.07043137401342392,-23.731587561374795,43.947476405416495,-15.06726457399104
0.28539755940437317,0.0662858635187149,-22.176759410801964,42.22404595814527,-12.376681614349778
0.2862062156200409,0.0662858635187149,-18.739770867430437,39.26959376282315,-7.802690582959642
0.2862062156200409,0.05156297609210014,-17.675941080196395,38.12064013130899,-6.008968609865477
0.28711849451065063,0.05156297609210014,-13.256955810147304,33.85309807139927,0.6278026905829535
0.28711849451065063,0.03611430525779724,-11.865793780687397,32.704144439885084,2.3318385650224087
0.28734955191612244,0.03611430525779724,-10.392798690671029,31.555190808370952,4.035874439461878
0.28734955191612244,0.025269994512200356,-8.674304418985272,30.652441526466987,5.470852017937219
0.28729361295700073,0.025269994512200356,-3.9279869067103164,28.600738613048833,8.430493273542595
0.28729361295700073,0.010905882343649864,-2.1276595744680833,27.69798933114484,9.68609865470853
0.28817304968833923,0.010905882343649864,-0.32733224222586443,27.123512515387787,10.582959641255599
0.28817304968833923,-0.0010540395742282271,0.6546644844517289,27.123512515387787,10.582959641255599
0.2886075973510742,-0.0010540395742282271,5.89198036006546,27.123512515387787,10.672645739910308
0.2886075973510742,-0.016469812020659447,7.937806873977095,27.123512515387787,10.672645739910308
0.2884770929813385,-0.016469812020659447,14.075286415711943,27.123512515387787,10.582959641255599
0.2884770929813385,-0.03628789633512497,15.630114566284774,27.20558063192449,10.582959641255599
0.2883898615837097,-0.03628789633512497,20.867430441898534,27.862125564218303,9.68609865470853
0.2883898615837097,-0.06319616734981537,22.42225859247135,27.862125564218303,9.596412556053806
0.2900393605232239,-0.06319616734981537,24.140752864157108,27.862125564218303,6.905829596412545
0.2900393605232239,-0.08356431126594543,25.122749590834687,28.190398030365202,5.470852017937219
0.29149574041366577,-0.08356431126594543,27.250409165302784,30.077964710709892,2.869955156950681
0.29149574041366577,-0.10290519893169403,28.068739770867438,32.21173574066475,0.0
0.29227861762046814,-0.10290519893169403,28.64157119476269,35.16618793598687,-4.663677130044846
0.29227861762046814,-0.1226765513420105,28.64157119476269,37.38202708247846,-8.07174887892377
0.29402878880500793,-0.1226765513420105,28.64157119476269,39.43372999589661,-11.121076233183857
0.29402878880500793,-0.14125385880470276,28.64157119476269,39.43372999589661,-11.031390134529147
0.29458943009376526,-0.14125385880470276,28.559738134206214,39.844070578580215,-11.569506726457405
0.29458943009376526,-0.1543966829776764,28.559738134206214,39.844070578580215,-11.569506726457405
0.2980342507362366,-0.1543966829776764,28.559738134206214,39.844070578580215,-11.479820627802695
0.2980342507362366,-0.16062131524085999,28.64157119476269,39.35166187935988,-10.672645739910308
0.30184870958328247,-0.16062131524085999,28.64157119476269,39.35166187935988,-10.582959641255613
0.30184870958328247,-0.1605871468782425,28.64157119476269,39.35166187935988,-10.582959641255613
0.2980814278125763,-0.1605871468782425,28.72340425531914,39.35166187935988,-10.493273542600903
0.2980814278125763,-0.1607493758201599,28.72340425531914,39.35166187935988,-9.237668161434982
0.29488781094551086,-0.1607493758201599,29.541734860883793,39.105457529749685,-7.264573991031384
0.29488781094551086,-0.15777668356895447,30.114566284779045,39.105457529749685,-7.0852017937219784
0.282440721988678,-0.15777668356895447,32.978723404255305,38.695116947066055,-6.188340807174882
0.282440721988678,-0.16034665703773499,33.06055646481178,35.33032416906033,-1.7040358744394553
0.27910786867141724,-0.16034665703773499,32.978723404255305,30.898645876077126,4.753363228699541
0.27910786867141724,-0.16209419071674347,33.14238952536826,29.58555601148953,6.8161434977578494
0.26999473571777344,-0.16209419071674347,34.206219312602286,29.011079195732435,8.07174887892377
0.26999473571777344,-0.16115815937519073,35.188216039279865,28.929011079195732,8.520179372197305
0.25578802824020386,-0.16115815937519073,37.31587561374795,25.72835453426343,12.735426008968616
0.25578802824020386,-0.15918803215026855,38.21603927986908,23.348379154698407,16.14349775784754
0.23032395541667938,-0.15918803215026855,41.243862520458265,18.506360279031583,22.95964125560539
0.23032395541667938,-0.1564982682466507,42.47135842880522,17.357406647517436,24.573991031390136
0.21042168140411377,-0.1564982682466507,46.317512274959086,12.022979072630278,31.928251121076215
0.21042168140411377,-0.15347440540790558,47.38134206219314,10.4636848584325,34.08071748878925
0.20021167397499084,-0.15347440540790558,48.936170212765944,8.247845711940897,36.86098654708522
0.20021167397499084,-0.15226829051971436,50.32733224222585,6.8526877308165695,38.65470852017938
0.18971875309944153,-0.15226829051971436,52.700490998363335,4.4727123512515305,41.704035874439484
0.18971875309944153,-0.15099628269672394,53.92798690671029,2.667213787443572,44.03587443946188
0.17998652160167694,-0.15099628269672394,55.319148936170194,-0.7796471070988957,47.982062780269075
0.17998652160167694,-0.15071320533752441,56.5466448445172,-3.2416906032006523,51.03139013452915
0.16681088507175446,-0.15071320533752441,61.947626841243874,-6.770619614279852,54.977578475336344
0.16681088507175446,-0.14993707835674286,63.99345335515548,-7.2630283135002145,55.60538116591928
0.14938269555568695,-0.14993707835674286,66.69394435351882,-7.427164546573664,55.87443946188341
0.14938269555568695,-0.1484893560409546,68.57610474631753,-9.31473122691834,57.57847533632287
0.13812990486621857,-0.1484893560409546,69.47626841243863,-12.67952400492409,61.255605381165935
0.13812990486621857,-0.14656710624694824,69.23076923076923,-13.171932704144439,61.704035874439455
0.1278824359178543,-0.14656710624694824,69.72176759410803,-13.00779647107099,60.89686098654707
0.1278824359178543,-0.1440400779247284,69.72176759410803,-13.00779647107099,60.89686098654707
0.123682901263237,-0.1440400779247284,69.80360065466448,-13.00779647107099,60.89686098654707
0.123682901263237,-0.14317794144153595,69.80360065466448,-13.00779647107099,60.89686098654707
0.1339981108903885,-0.14317794144153595,60.392798690671015,-6.442347148132953,52.7354260089686
0.1339981108903885,-0.14492680132389069,59.410801963993435,-3.8161674189577326,49.68609865470853
0.14252789318561554,-0.14492680132389069,59.00163666121111,-1.8465326220763245,47.2645739910314
0.14252789318561554,-0.14720913767814636,56.873977086743054,-0.9437833401723452,46.18834080717488
0.15614590048789978,-0.14720913767814636,52.20949263502456,-0.20517029134181541,45.112107623318394
0.15614590048789978,-0.14908695220947266,49.59083469721767,0.12310217480508356,44.30493273542601
0.17046935856342316,-0.14908695220947266,47.13584288052374,3.5699630693475655,40.35874439461884
0.17046935856342316,-0.1509932577610016,46.39934533551556,5.703734099302423,37.847533632286996
0.1829068958759308,-0.1509932577610016,45.17184942716858,7.755437012720563,34.977578475336315
0.1829068958759308,-0.15240827202796936,43.9443535188216,9.396799343455072,32.91479820627802
0.2016303986310959,-0.15240827202796936,40.42553191489361,13.582273286828055,27.174887892376674
0.2016303986310959,-0.15580952167510986,39.85270049099836,14.813295034878962,25.47085201793722
0.22149233520030975,-0.15580952167510986,37.07037643207855,18.588428395568314,20.179372197309405
0.22149233520030975,-0.158175989985466,35.842880523731594,19.90151826015594,18.0269058295964
0.24145475029945374,-0.158175989985466,33.960720130932884,24.00492408699219,12.107623318385635
0.24145475029945374,-0.15981681644916534,33.46972176759411,25.72835453426343,9.506726457399097
0.254101037979126,-0.15981681644916534,32.40589198036005,28.436602379975398,5.650224215246638
0.254101037979126,-0.16092710196971893,31.669394435351876,30.40623717685679,2.511210762331828
0.2718377709388733,-0.16092710196971893,30.52373158756137,34.34550677061961,-3.4080717488789247
0.2718377709388733,-0.16433720290660858,30.032733224222596,36.31514156750103,-6.457399103139011
0.28581753373146057,-0.16433720290660858,28.887070376432064,39.92613869511695,-12.017937219730939
0.28581753373146057,-0.16546709835529327,28.805237315875615,41.97784160853507,-15.246636771300444
0.28918954730033875,-0.16546709835529327,28.805237315875615,43.208863356585965,-16.9506726457399
0.28918954730033875,-0.15988214313983917,28.805237315875615,43.208863356585965,-16.9506726457399
0.29536429047584534,-0.15988214313983917,28.805237315875615,43.12679524004923,-16.860986547085204
0.29536429047584534,-0.16502973437309265,28.72340425531914,43.12679524004923,-16.860986547085204
0.29483962059020996,-0.16502973437309265,28.72340425531914,43.208863356585965,-16.9506726457399
0.29483962059020996,-0.16214975714683533,28.559738134206214,42.9626590069758,-16.591928251121075
0.30315908789634705,-0.16214975714683533,26.350245499181682,42.798522773902334,-16.05381165919283
0.30315908789634705,-0.15646259486675262,24.959083469721776,42.798522773902334,-15.605381165919283
0.30548611283302307,-0.15646259486675262,22.995090016366618,42.55231842429217,-12.556053811659197
0.30548611283302307,-0.14570248126983643,21.112929623567922,41.89577349199837,-12.107623318385649
0.302096962928772,-0.14570248126983643,19.47626841243863,38.85925318013952,-7.623318385650222
0.302096962928772,-0.13896560668945312,18.412438625204587,37.29995896594173,-5.560538116591928
0.29831528663635254,-0.13896560668945312,14.320785597381345,36.5613459171112,-5.0224215246636845
0.29831528663635254,-0.13011321425437927,13.256955810147304,36.479277800574465,-5.0224215246636845
0.2959231734275818,-0.13011321425437927,11.374795417348608,36.39720968403773,-5.0224215246636845
0.2959231734275818,-0.11960306018590927,9.738134206219314,36.39720968403773,-4.932735426008975
0.29606032371520996,-0.11960306018590927,7.692307692307693,35.2482560525236,-1.9730941704035843
0.29606032371520996,-0.10755042731761932,6.628477905073666,34.01723430447271,-0.807174887892387
0.295829176902771,-0.10755042731761932,2.8641571194762747,33.27862125564218,0.17937219730941933
0.295829176902771,-0.09239739924669266,0.7364975450081772,33.27862125564218,0.17937219730941933
0.2904234230518341,-0.09239739924669266,-27.823240589198036,47.80467788264261,-23.228699551569505
0.2904234230518341,0.030366649851202965,-27.741407528641574,48.050882232252775,-23.408071748878925
0.28882718086242676,0.030366649851202965,-27.823240589198036,48.21501846532624,-23.677130044843054
0.28882718086242676,0.07004076987504959,-27.823240589198036,47.88674599917931,-23.13901345291481
0.26927217841148376,0.07004076987504959,-31.99672667757774,45.424702503077555,-17.488789237668158
0.26927217841148376,0.06296379119157791,-31.99672667757774,43.619203939269596,-14.7085201793722
0.24980983138084412,0.06296379119157791,-32.815057283142394,41.81370537546164,-11.92825112107623
0.24980983138084412,0.06229695677757263,-33.9607201309329,40.82888797702094,-10.40358744394618
0.2381969690322876,0.06229695677757263,-35.679214402618655,39.105457529749685,-7.713004484304932
0.2381969690322876,0.061395831406116486,-36.00654664484452,37.956503898235525,-5.829596412556043
0.22405974566936493,0.061395831406116486,-36.9885433715221,36.068937217890834,-3.1390134529147957
0.22405974566936493,0.06093351170420647,-37.97054009819967,35.08411981945014,-1.5246636771300501
0.20658628642559052,0.06093351170420647,-40.50736497545008,33.114485022568715,1.4349775784753263
0.20658628642559052,0.058568816632032394,-41.40752864157119,31.39105457529749,4.035874439461878
0.18667186796665192,0.058568816632032394,-46.07201309328969,27.78005744768157,9.237668161434982
0.18667186796665192,0.058408260345458984,-47.38134206219312,27.20558063192449,10.313901345291484
0.16463465988636017,0.058408260345458984,-51.6366612111293,23.266311038161675,15.964125560538122
0.16463465988636017,0.05873483419418335,-53.191489361702125,21.871153057037347,17.847533632286996
0.14902670681476593,0.05873483419418335,-55.97381342062193,19.90151826015594,20.538116591928258
0.14902670681476593,0.05897347256541252,-57.69230769230769,18.752564628641764,22.152466367713004
0.13865570724010468,0.05897347256541252,-59.16530278232406,14.238818219121868,28.520179372197305
0.13865570724010468,0.059073615819215775,-59.49263502454992,12.597455888387373,30.852017937219728
0.1354007124900818,0.059073615819215775,-61.94762684124386,10.299548625359051,33.72197309417041
0.1354007124900818,0.05903279781341553,-61.94762684124386,10.299548625359051,33.72197309417041
0.13450415432453156,0.05903279781341553,-61.94762684124386,10.299548625359051,33.6322869955157
0.13450415432453156,0.059149324893951416,-61.94762684124386,10.299548625359051,33.72197309417041
0.13359205424785614,0.059149324893951416,-61.53846153846153,10.545752974969218,33.36322869955157
0.13359205424785614,0.05926252156496048,-61.45662847790507,10.62782109150595,33.36322869955157
0.13727031648159027,0.05926252156496048,-61.37479541734861,10.874025441116132,33.18385650224215
0.13727031648159027,0.05942194536328316,-61.292962356792145,10.956093557652864,32.91479820627802
0.1450585275888443,0.05942194536328316,-61.211129296235676,11.038161674189581,32.82511210762331
0.1450585275888443,0.06031308323144913,-60.39279869067103,11.038161674189581,32.82511210762331
0.16415975987911224,0.06031308323144913,-54.173486088379704,11.20229790726303,30.31390134529147
0.16415975987911224,0.06087882071733475,-52.94599018003273,11.20229790726303,30.22421524663676
0.1761336326599121,0.06087882071733475,-52.04582651391162,12.10504718916701,28.878923766816143
0.1761336326599121,0.061493098735809326,-51.6366612111293,14.3208863356586,26.457399103139025
0.18744368851184845,0.061493098735809326,-50.08183306055646,15.798112433319659,24.125560538116588
0.18744368851184845,0.061313629150390625,-48.690671031096564,15.962248666393108,23.318385650224215
0.19659864902496338,0.061313629150390625,-47.299509001636665,18.588428395568314,20.179372197309405
0.19659864902496338,0.060739826411008835,-47.05400981996727,20.393926959376273,17.847533632286996
0.21987438201904297,0.060739826411008835,-40.99836333878887,28.436602379975398,5.829596412556043
0.21987438201904297,0.06163262203335762,-40.0163666121113,29.749692244562993,3.5874439461883583
0.2302585393190384,0.06163262203335762,-38.62520458265139,32.12966762412805,0.17937219730941933
0.2302585393190384,0.061498068273067474,-37.64320785597381,33.68896183832581,-2.4215246636771326
0.23964424431324005,0.061498068273067474,-36.49754500818331,36.068937217890834,-6.098654708520172
0.23964424431324005,0.061072491109371185,-35.842880523731594,38.12064013130899,-9.327354260089677
0.2511745095252991,0.061072491109371185,-35.02454991816694,42.388182191218704,-15.874439461883412
0.2511745095252991,0.06230616569519043,-34.53355155482815,44.43988510463686,-19.103139013452918
0.26794296503067017,0.06230616569519043,-32.97872340425532,50.59499384489126,-29.147982062780258
0.26794296503067017,0.06589420139789581,-32.324058919803605,53.22117357406648,-33.18385650224215
0.277587890625,0.06589420139789581,-31.751227495908353,55.76528518670497,-37.21973094170403
0.277587890625,0.06971658766269684,-31.587561374795413,56.585966352072234,-38.56502242152467
0.28235408663749695,0.06971658766269684,-31.587561374795413,56.668034468608965,-38.56502242152467
0.28235408663749695,0.07073379307985306,-31.587561374795413,56.585966352072234,-38.56502242152467
0.2847570776939392,0.07073379307985306,-30.687397708674297,56.09355765285187,-37.130044843049326
0.2847570776939392,0.06061903387308121,-29.787234042553195,56.01148953631514,-34.79820627802691
0.2853217124938965,0.06061903387308121,-28.559738134206214,55.76528518670497,-33.27354260089686
0.2853217124938965,0.04509284719824791,-27.823240589198036,54.20599097250718,-31.300448430493276
0.28518587350845337,0.04509284719824791,-26.022913256955817,50.677061961427995,-25.739910313901348
0.28518587350845337,0.0316573902964592,-24.877250409165313,49.36397209684037,-23.677130044843054
0.28520482778549194,0.0316573902964592,-23.240589198036005,47.39433729995898,-20.448430493273534
0.28520482778549194,0.018538426607847214,-22.0949263502455,45.58883873615102,-17.578475336322867
0.2858266830444336,0.018538426607847214,-20.294599018003282,42.71645465736563,-13.18385650224215
0.2858266830444336,0.0027434229850769043,-19.148936170212778,41.15716044316784,-10.762331838565018
0.2856261134147644,0.0027434229850769043,-17.34860883797053,38.85925318013952,-7.174887892376674
0.2856261134147644,-0.010955249890685081,-16.121112929623564,37.46409519901519,-5.0224215246636845
0.28528112173080444,-0.010955249890685081,-14.566284779050733,36.2330734509643,-3.1390134529147957
0.28528112173080444,-0.02455155923962593,-13.256955810147304,35.16618793598687,-1.4349775784753405
0.2849782109260559,-0.02455155923962593,-10.474631751227491,32.786212556421816,1.9730941704035843
0.2849782109260559,-0.03725988790392876,-8.756137479541735,31.80139515798112,3.4977578475336344
0.28537946939468384,-0.03725988790392876,-7.119476268412441,30.816577759540422,4.932735426008961
0.28537946939468384,-0.050102896988391876,-5.56464811783961,29.749692244562993,6.367713004484315
0.2868247628211975,-0.050102896988391876,-1.6366612111292937,27.36971686499794,9.775784753363226
0.2868247628211975,-0.06806837767362595,0.0,26.795240049240874,10.672645739910308
0.2868572175502777,-0.06806837767362595,2.9459901800327373,26.384899466557243,11.6591928251121
0.2868572175502777,-0.08363105356693268,4.337152209492643,26.384899466557243,11.838565022421534
0.2857773005962372,-0.08363105356693268,6.873977086743039,25.974558883873613,11.92825112107623
0.2857773005962372,-0.09662943333387375,9.165302782324062,24.497332786212553,14.080717488789233
0.2864988148212433,-0.09662943333387375,12.7659574468085,23.102174805088225,15.336322869955168
0.2864988148212433,-0.11539037525653839,13.093289689034364,23.67665162084532,14.439461883408072
0.2888719439506531,-0.11539037525653839,16.0392798690671,24.415264669675835,11.031390134529147
0.2888719439506531,-0.1286540925502777,17.51227495908347,26.795240049240874,8.430493273542595
0.2919735610485077,-0.1286540925502777,19.47626841243863,29.503487894952798,4.484304932735412
0.2919735610485077,-0.14204783737659454,20.949263502454983,30.73450964300369,2.600896860986552
0.2946775555610657,-0.14204783737659454,24.05891980360066,33.77102995486254,-2.2421524663677133
0.2946775555610657,-0.1518838107585907,25.531914893617014,35.9868691013541,-5.470852017937219
0.29522955417633057,-0.1518838107585907,26.59574468085107,40.582683627410745,-12.825112107623312
0.29522955417633057,-0.15859632194042206,27.41407528641571,41.89577349199837,-14.79820627802691
0.29537302255630493,-0.15859632194042206,27.823240589198022,42.22404595814527,-15.06726457399104
0.29537302255630493,-0.16350364685058594,27.9050736497545,42.22404595814527,-15.06726457399104
0.29595035314559937,-0.16350364685058594,27.741407528641588,42.22404595814527,-15.06726457399104
0.29595035314559937,-0.16650047898292542,28.068739770867438,42.22404595814527,-15.06726457399104
0.295000284910202,-0.16650047898292542,28.232405891980363,42.22404595814527,-15.06726457399104
0.295000284910202,-0.16538593173027039,28.31423895253681,42.141977841608536,-14.7085201793722
0.28582489490509033,-0.16538593173027039,31.26022913256955,41.40336479277801,-12.466367713004487
0.28582489490509033,-0.16403250396251678,31.587561374795428,41.321296676241275,-10.224215246636774
0.27970653772354126,-0.16403250396251678,32.24222585924713,39.26959376282315,-7.623318385650222
0.27970653772354126,-0.16281002759933472,33.306055646481184,36.889618383258096,-3.856502242152473
0.27036160230636597,-0.16281002759933472,33.79705400981996,34.263438654082876,0.269058295964129
0.27036160230636597,-0.1620045006275177,33.960720130932884,32.54000820681165,2.780269058295957
0.26196539402008057,-0.1620045006275177,35.67921440261864,29.749692244562993,6.995515695067269
0.26196539402008057,-0.16100040078163147,36.90671031096565,27.94419368075502,9.596412556053806
0.25077351927757263,-0.16100040078163147,38.7888707037643,24.579400902749285,14.708520179372186
0.25077351927757263,-0.15960152447223663,39.607201309328985,22.363561756257695,17.668161434977577
0.23873984813690186,-0.15960152447223663,40.34369885433716,19.819450143619207,21.34529147982063
0.23873984813690186,-0.15783321857452393,40.75286415711946,18.178087812884698,23.67713004484304
0.22768457233905792,-0.15783321857452393,43.20785597381342,15.469839967172746,27.354260089686093
0.22768457233905792,-0.15591755509376526,45.41734860883798,13.910545752974969,29.59641255605382
0.21882429718971252,-0.15591755509376526,48.44517184942717,12.022979072630278,32.197309417040344
0.21882429718971252,-0.15491454303264618,50.32733224222585,10.381616741895769,34.17040358744396
0.20773303508758545,-0.15491454303264618,52.94599018003274,7.016823963890033,38.65470852017938
0.20773303508758545,-0.15468087792396545,54.33715220949264,5.375461633155524,40.80717488789239
0.19626083970069885,-0.15468087792396545,56.0556464811784,2.995486253590471,43.67713004484307
0.19626083970069885,-0.15322370827198029,56.9558101472995,1.682396389002875,45.38116591928252
0.18167957663536072,-0.15322370827198029,58.51063829787233,-0.615510874025432,48.071748878923756
0.18167957663536072,-0.15098467469215393,60.065466448445164,-2.5851456709068543,50.49327354260089
0.16396719217300415,-0.15098467469215393,66.77577741407526,-9.232663110381608,57.937219730941706
0.16396719217300415,-0.14821410179138184,69.14893617021275,-11.612638489946661,60.35874439461884
0.14821568131446838,-0.14821410179138184,70.45826513911621,-14.567090685268766,63.40807174887891
0.14821568131446838,-0.14804112911224365,70.45826513911621,-14.15675010258515,62.86995515695065
0.13668106496334076,-0.14804112911224365,70.45826513911621,-13.910545752974969,62.69058295964126
0.13668106496334076,-0.14720118045806885,70.45826513911621,-14.15675010258515,63.0493273542601
0.12783679366111755,-0.14720118045806885,70.45826513911621,-13.910545752974969,62.69058295964126
0.12783679366111755,-0.14532144367694855,70.45826513911621,-13.910545752974969,62.69058295964126
0.14166386425495148,-0.14532144367694855,63.829787234042556,-10.62782109150595,57.847533632286996
0.14166386425495148,-0.14634959399700165,62.6022913256956,-9.31473122691834,55.87443946188341
0.15499809384346008,-0.14634959399700165,60.55646481178397,-5.94993844891259,52.7354260089686
0.15499809384346008,-0.14825484156608582,59.410801963993435,-5.703734099302409,52.286995515695054
0.16740038990974426,-0.14825484156608582,56.137479541734876,-5.621665982765705,51.838565022421534
0.16740038990974426,-0.14950864017009735,54.58265139116202,-5.621665982765705,51.748878923766796
0.17944805324077606,-0.14950864017009735,52.45499181669396,-4.062371768567914,49.86547085201792
0.17944805324077606,-0.1506262570619583,50.57283142389525,-0.615510874025432,45.82959641255607
0.19265390932559967,-0.1506262570619583,49.01800327332242,3.9803036520311963,40.0
0.19265390932559967,-0.15231378376483917,47.46317512274959,6.68855149774312,36.50224215246635
0.20643630623817444,-0.15231378376483917,44.92635024549918,10.381616741895769,31.569506726457405
0.20643630623817444,-0.15522733330726624,43.37152209492635,12.187115305703728,29.147982062780272
0.22168755531311035,-0.15522733330726624,39.36170212765958,17.68567911366435,21.524663677130036
0.22168755531311035,-0.15859901905059814,38.21603927986908,19.573245794009026,18.65470852017937
0.2381412535905838,-0.15859901905059814,36.00654664484452,24.333196553139103,11.838565022421534
0.2381412535905838,-0.1606813669204712,35.10638297872339,26.466967583093975,8.609865470852014
0.24908789992332458,-0.1606813669204712,34.04255319148936,30.160032827246624,3.049327354260086
0.24908789992332458,-0.16046738624572754,32.978723404255305,32.12966762412805,0.17937219730941933
0.2610124945640564,-0.16046738624572754,31.996726677577726,34.18137053754617,-2.9596412556053764
0.2610124945640564,-0.16233986616134644,31.1783960720131,35.740664751743964,-5.470852017937219
0.271612286567688,-0.16233986616134644,30.27823240589197,39.43372999589661,-11.210762331838566
0.271612286567688,-0.16383738815784454,29.95090016366612,41.40336479277801,-14.170403587443943
0.2920776605606079,-0.16383738815784454,29.95090016366612,47.47640541649568,-23.766816143497763
0.2920776605606079,-0.16316592693328857,29.95090016366612,47.55847353303241,-23.856502242152473
0.3013291656970978,-0.16316592693328857,29.95090016366612,47.640541649569144,-23.856502242152473
0.3013291656970978,-0.1634438931941986,29.95090016366612,47.640541649569144,-23.94618834080717
0.29141566157341003,-0.1634438931941986,29.86906710310967,47.23020106688551,-23.497757847533634
0.29141566157341003,-0.1434883326292038,29.541734860883793,46.901928600738614,-23.049327354260086
0.30224165320396423,-0.1434883326292038,24.959083469721776,46.65572425112842,-18.565022421524674
0.30224165320396423,-0.14099760353565216,24.05891980360066,45.752974969224454,-17.847533632286996
0.30392879247665405,-0.14099760353565216,20.949263502454983,43.619203939269596,-14.439461883408072
0.30392879247665405,-0.1354614794254303,19.148936170212764,41.97784160853507,-11.92825112107623
0.30238574743270874,-0.1354614794254303,17.594108019639947,40.172343044727114,-9.147982062780272
0.30238574743270874,-0.12845678627490997,16.85761047463174,39.35166187935988,-7.802690582959642
0.29845303297042847,-0.12845678627490997,15.548281505728312,38.44891259745589,-6.367713004484315
0.29845303297042847,-0.11839894950389862,13.993453355155467,37.79236766516206,-5.560538116591928
0.2960246205329895,-0.11839894950389862,10.556464811783968,36.479277800574465,-3.856502242152473
0.2960246205329895,-0.1076849102973938,9.410801963993435,36.39720968403773,-3.766816143497749
0.29578596353530884,-0.1076849102973938,7.610474631751217,36.151005334427566,-2.6905829596412474
0.29578596353530884,-0.09806488454341888,5.728314238952549,36.068937217890834,-2.6905829596412474
0.2967369556427002,-0.09806488454341888,2.536824877250396,36.068937217890834,-2.600896860986552
0.2967369556427002,-0.08926162123680115,0.9819967266775791,36.068937217890834,-2.600896860986552
0.2965785562992096,-0.08926162123680115,-1.0638297872340416,33.36068937217891,1.0762331838565018
0.2965785562992096,-0.0746006965637207,-1.227495908346981,31.719327041444387,3.4977578475336344
0.29907646775245667,-0.0746006965637207,-4.9099836333878955,31.308986458760756,3.6771300448430395
0.29907646775245667,-0.05916906148195267,-7.528641571194754,31.308986458760756,3.318385650224215
0.29986372590065,-0.05916906148195267,-11.047463175122758,31.39105457529749,3.2286995515695054
0.29986372590065,-0.0440116822719574,-12.356792144026187,31.39105457529749,2.9596412556053764
0.29871314764022827,-0.0440116822719574,-14.97545008183306,33.27862125564218,-1.4349775784753405
0.29871314764022827,-0.03147245571017265,-16.284779050736503,35.16618793598687,-3.766816143497749
0.2909890115261078,-0.03147245571017265,-26.923076923076934,48.70742716454657,-26.008968609865462
0.2909890115261078,0.027066156268119812,-26.513911620294593,48.95363151415674,-26.098654708520172
0.28890329599380493,0.027066156268119812,-26.759410801963995,49.117767747230204,-26.3677130044843
0.28890329599380493,0.05690610408782959,-26.841243862520457,49.199835863766936,-26.3677130044843
0.28918346762657166,0.05690610408782959,-27.004909983633382,48.789495281083305,-25.739910313901348
0.28918346762657166,0.06648828089237213,-27.08674304418986,48.62535904800984,-25.2914798206278
0.2895403504371643,0.06648828089237213,-28.150572831423887,48.62535904800984,-25.201793721973104
0.2895403504371643,0.06754325330257416,-28.96890343698854,48.62535904800984,-23.677130044843054
0.287294864654541,0.06754325330257416,-29.62356792144027,47.47640541649568,-20.807174887892373
0.287294864654541,0.0693712830543518,-30.360065466448447,45.58883873615102,-18.026905829596416
0.2808765769004822,0.0693712830543518,-31.669394435351876,43.2909314731227,-14.170403587443943
0.2808765769004822,0.06750118732452393,-33.142389525368245,42.388182191218704,-12.825112107623312
0.2689794898033142,0.06750118732452393,-34.369885433715226,40.993024210094376,-10.493273542600903
0.2689794898033142,0.06702075153589249,-35.1063829787234,39.76200246204348,-8.699551569506724
0.2556547522544861,0.06702075153589249,-36.41571194762684,38.53098071399262,-6.72645739910314
0.2556547522544861,0.06531938910484314,-37.56137479541734,38.20270824784572,-6.098654708520172
0.23807334899902344,0.06531938910484314,-40.098199672667754,38.12064013130899,-6.008968609865477
0.23807334899902344,0.06293510645627975,-41.734860883797054,38.12064013130899,-6.008968609865477
0.22417035698890686,0.06293510645627975,-44.189852700490995,36.5613459171112,-3.587443946188344
0.22417035698890686,0.06039322167634964,-44.02618657937807,33.44275748871564,0.8968609865470825
0.20766015350818634,0.06039322167634964,-45.3355155482815,29.99589659417316,6.278026905829591
0.20766015350818634,0.05950670316815376,-47.217675941080195,29.1752154288059,7.443946188340817
0.1950279176235199,0.05950670316815376,-49.91816693944353,26.384899466557243,11.569506726457405
0.1950279176235199,0.05919994041323662,-50.736497545008184,24.743537135822734,13.721973094170409
0.15682008862495422,0.05919994041323662,-61.53846153846153,16.04431678292984,25.919282511210767
0.15682008862495422,0.058806467801332474,-63.09328968903437,15.716044316782927,26.27802690582959
0.1347559243440628,0.058806467801332474,-63.66612111292962,15.798112433319659,25.739910313901348
0.1347559243440628,0.05958227068185806,-63.66612111292962,15.880180549856377,25.739910313901348
0.12884171307086945,0.05958227068185806,-63.747954173486086,15.880180549856377,25.739910313901348
0.12884171307086945,0.05959177017211914,-63.747954173486086,15.880180549856377,25.739910313901348
0.12928958237171173,0.05959177017211914,-63.50245499181669,15.880180549856377,25.739910313901348
0.12928958237171173,0.05935196951031685,-63.175122749590834,15.880180549856377,25.650224215246624
0.1318621039390564,0.05935196951031685,-63.01145662847791,15.880180549856377,25.560538116591943
0.1318621039390564,0.060064785182476044,-62.92962356792144,15.880180549856377,25.47085201793722
0.13626958429813385,0.060064785182476044,-61.53846153846153,15.962248666393108,25.47085201793722
0.13626958429813385,0.06016135215759277,-60.14729950900164,15.962248666393108,25.47085201793722
0.14477577805519104,0.06016135215759277,-58.674304418985265,16.126384899466558,23.13901345291481
0.14477577805519104,0.06047433614730835,-57.61047463175123,17.029134181370537,22.869955156950667
0.16890323162078857,0.06047433614730835,-53.35515548281506,19.73738202708249,19.192825112107627
0.16890323162078857,0.062064431607723236,-51.882160392798696,19.73738202708249,19.103139013452903
0.21677610278129578,0.062064431607723236,-44.59901800327333,29.421419778416066,4.843049327354265
0.21677610278129578,0.06518761813640594,-43.780687397708675,30.570373409930255,3.2286995515695054
0.25973209738731384,0.06518761813640594,-38.62520458265139,39.43372999589661,-10.852017937219728
0.25973209738731384,0.07123143970966339,-37.97054009819967,40.993024210094376,-13.27354260089686
0.27862852811813354,0.07123143970966339,-36.252045826513914,44.52195322117359,-18.83408071748879
0.27862852811813354,0.07259388267993927,-35.43371522094927,46.245383668444816,-21.524663677130036
0.2858317494392395,0.07259388267993927,-34.860883797054015,48.13295034878951,-24.663677130044846
0.2858317494392395,0.07419415563344955,-34.206219312602286,50.34878949528107,-28.430493273542595
0.28708118200302124,0.07419415563344955,-33.878887070376436,53.303241690603215,-33.18385650224215
0.28708118200302124,0.07459075003862381,-33.306055646481184,56.585966352072234,-38.65470852017937
0.28764456510543823,0.07459075003862381,-31.342062193126026,61.67418957734921,-45.56053811659193
0.28764456510543823,0.07296750694513321,-31.01472995090016,61.75625769388594,-45.73991031390135
0.2880026400089264,0.07296750694513321,-30.44189852700491,61.67418957734921,-43.85650224215246
0.2880026400089264,0.05199695751070976,-30.44189852700491,61.51005334427575,-42.86995515695067
0.28825435042381287,0.05199695751070976,-29.541734860883793,59.70455478046779,-40.53811659192825
0.28825435042381287,0.033563245087862015,-28.150572831423887,57.324579400902735,-36.591928251121075
0.2883594334125519,0.033563245087862015,-26.59574468085107,54.86253590480098,-32.64573991031389
0.2883594334125519,0.020857464522123337,-25.859247135842878,53.46737792367665,-30.313901345291484
0.2888451814651489,0.020857464522123337,-24.468085106382972,50.92326631103816,-26.188340807174896
0.2888451814651489,0.012035024352371693,-23.076923076923066,49.199835863766936,-23.856502242152473
0.29005083441734314,0.012035024352371693,-20.949263502454997,47.55847353303241,-21.16591928251121
0.29005083441734314,0.006209567189216614,-19.639934533551553,46.245383668444816,-19.013452914798208
0.29013025760650635,0.006209567189216614,-18.00327332242226,44.19368075502666,-16.05381165919283
0.29013025760650635,-0.001452964497730136,-16.612111292962368,42.9626590069758,-13.901345291479814
0.2906638979911804,-0.001452964497730136,-11.865793780687397,38.12064013130899,-6.457399103139011
0.2906638979911804,-0.013254505582153797,-10.801963993453356,36.889618383258096,-4.573991031390136
0.29044845700263977,-0.013254505582153797,-8.91980360065466,35.2482560525236,-2.1524663677130036
0.29044845700263977,-0.026117241010069847,-6.792144026186577,34.42757488715634,-0.807174887892387
0.29120224714279175,-0.026117241010069847,-4.255319148936167,32.86828067295855,1.7937219730941791
0.29120224714279175,-0.03839823603630066,-2.2913256955810084,30.816577759540422,4.573991031390136
0.2916085124015808,-0.03839823603630066,0.7364975450081772,29.011079195732435,7.174887892376674
0.2916085124015808,-0.0511198453605175,3.518821603927975,28.682806729585565,7.713004484304946
0.2915263772010803,-0.0511198453605175,6.792144026186577,28.929011079195732,7.174887892376674
0.2915263772010803,-0.061001550406217575,8.674304418985272,29.1752154288059,6.72645739910314
0.2919197678565979,-0.061001550406217575,10.801963993453342,29.503487894952798,6.457399103139011
0.2919197678565979,-0.07001914829015732,11.94762684124386,29.58555601148953,4.932735426008961
0.29215386509895325,-0.07001914829015732,13.911620294599032,29.749692244562993,3.318385650224215
0.29215386509895325,-0.08367472141981125,15.630114566284774,29.749692244562993,3.318385650224215
0.2928396761417389,-0.08367472141981125,18.248772504091647,29.831760361099725,3.13901345291481
0.2928396761417389,-0.09555079787969589,20.130932896890343,30.652441526466987,2.1524663677130036
0.29340022802352905,-0.09555079787969589,22.258592471358412,35.08411981945014,-4.2152466367712975
0.29340022802352905,-0.10678110271692276,23.486088379705407,37.71029954862536,-7.892376681614351
0.29639139771461487,-0.10678110271692276,24.959083469721776,39.76200246204348,-11.300448430493276
0.29639139771461487,-0.12046249955892563,26.10474631751228,40.993024210094376,-13.45291479820628
0.2993767261505127,-0.12046249955892563,26.677577741407532,44.19368075502666,-18.295964125560545
0.2993767261505127,-0.13970065116882324,26.759410801963995,44.19368075502666,-18.295964125560545
0.30406251549720764,-0.13970065116882324,27.741407528641588,43.537135822732864,-17.30941704035874
0.30406251549720764,-0.1582077294588089,28.96890343698854,43.45506770619613,-14.97757847533633
0.29490458965301514,-0.1582077294588089,30.114566284779045,42.22404595814527,-12.735426008968602
0.29490458965301514,-0.1615706980228424,30.60556464811782,39.76200246204348,-8.609865470852014
0.2834962010383606,-0.1615706980228424,31.014729950900147,34.9199835863767,-1.4349775784753405
0.2834962010383606,-0.160194993019104,31.996726677577726,33.19655313910545,1.0762331838565018
0.2757105529308319,-0.160194993019104,34.12438625204584,31.226918342224053,3.9461883408071827
0.2757105529308319,-0.16010412573814392,35.02454991816694,29.99589659417316,5.829596412556043
0.2669386863708496,-0.16010412573814392,35.35188216039279,27.20558063192449,10.044843049327355
0.2669386863708496,-0.15968792140483856,35.76104746317512,24.989741485432916,13.27354260089686
0.253318727016449,-0.15968792140483856,38.21603927986908,21.871153057037347,17.757847533632273
0.253318727016449,-0.15909245610237122,40.261865793780686,20.393926959376273,19.82062780269058
0.2217738926410675,-0.15909245610237122,43.780687397708675,13.089864587607721,30.04484304932734
0.2217738926410675,-0.15456406772136688,44.680851063829806,11.366434140336494,32.37668161434976
0.19934134185314178,-0.15456406772136688,47.13584288052374,8.411981945014361,36.14349775784754
0.19934134185314178,-0.1505936086177826,48.52700490998362,6.360279031596221,38.8340807174888
0.18675819039344788,-0.1505936086177826,49.01800327332242,4.144439885104646,41.524663677130036
0.18675819039344788,-0.14904431998729706,50.0,2.9134181370537533,43.22869955156952
0.17507991194725037,-0.14904431998729706,54.09165302782324,0.943783340172331,45.56053811659194
0.17507991194725037,-0.14942491054534912,56.5466448445172,0.20517029134181541,46.3677130044843
0.15842914581298828,-0.14942491054534912,59.00163666121111,0.12310217480508356,47.17488789237666
0.15842914581298828,-0.14754363894462585,59.98363338788869,-0.20517029134181541,47.35426008968611
0.13802069425582886,-0.14754363894462585,63.2569558101473,-7.509232663110382,55.69506726457399
0.13802069425582886,-0.14546401798725128,68.08510638297872,-9.64300369306524,57.937219730941706
0.13077637553215027,-0.14546401798725128,69.9672667757774,-10.05334427574887,57.66816143497758
0.13077637553215027,-0.14635583758354187,69.88543371522096,-10.05334427574887,57.66816143497758
0.15460023283958435,-0.14635583758354187,59.90180032733224,-4.472712351251545,50.40358744394621
0.15460023283958435,-0.15047234296798706,58.34697217675941,-3.1596224866639204,48.87892376681614
0.17823965847492218,-0.15047234296798706,50.818330605564654,4.4727123512515305,39.37219730941703
0.17823965847492218,-0.15213946998119354,50.24549918166937,5.457529749692242,38.026905829596416
0.19944483041763306,-0.15213946998119354,44.435351882160376,9.15059499384489,33.27354260089686
0.19944483041763306,-0.1566431224346161,43.20785597381342,10.21748050882232,31.748878923766824
0.2088814526796341,-0.1566431224346161,42.14402618657937,11.776774723020097,29.68609865470853
0.2088814526796341,-0.15863284468650818,41.243862520458265,13.336068937217888,27.623318385650222
0.21839575469493866,-0.15863284468650818,40.34369885433716,15.059499384489115,25.20179372197309
0.21839575469493866,-0.15995760262012482,39.607201309328985,16.20845301600329,23.497757847533634
0.22900502383708954,-0.15995760262012482,37.07037643207855,20.06565449322939,18.116591928251125
0.22900502383708954,-0.16128110885620117,36.00654664484452,21.542880590890448,15.695067264573993
0.23800329864025116,-0.16128110885620117,34.860883797054015,23.758719737382023,12.466367713004487
0.23800329864025116,-0.16248473525047302,33.38788870703763,26.631103816167425,8.251121076233176
0.25202426314353943,-0.16248473525047302,31.423895253682474,32.86828067295855,-0.8968609865470825
0.25202426314353943,-0.16346187889575958,31.1783960720131,34.75584735330324,-4.035874439461878
0.26448625326156616,-0.16346187889575958,31.014729950900147,36.72548215018466,-6.995515695067269
0.26448625326156616,-0.1652233898639679,30.52373158756137,38.61304883052935,-10.044843049327355
0.2761206030845642,-0.1652233898639679,28.72340425531914,43.537135822732864,-17.757847533632287
0.2761206030845642,-0.16677148640155792,28.805237315875615,44.357816988100126,-18.565022421524674
0.28823620080947876,-0.16677148640155792,28.805237315875615,44.52195322117359,-18.74439461883408
0.28823620080947876,-0.16758014261722565,28.72340425531914,44.60402133771032,-18.83408071748879
0.3005838990211487,-0.16758014261722565,28.72340425531914,44.686089454247025,-18.923766816143498
0.3005838990211487,-0.1697879135608673,28.72340425531914,44.93229380385719,-18.923766816143498
0.3041090667247772,-0.1697879135608673,27.9050736497545,44.52195322117359,-18.295964125560545
0.3041090667247772,-0.1666763722896576,26.759410801963995,44.43988510463686,-18.026905829596416
0.3018883764743805,-0.1666763722896576,24.222585924713584,44.275748871563394,-15.964125560538108
0.3018883764743805,-0.15684036910533905,22.667757774140767,44.19368075502666,-15.515695067264573
0.3009811043739319,-0.15684036910533905,18.903436988543376,43.619203939269596,-14.618834080717491
0.3009811043739319,-0.14632458984851837,17.83960720130932,41.23922855970454,-11.390134529147971
0.30263930559158325,-0.14632458984851837,15.711947626841251,39.67993434550675,-9.596412556053806
0.30263930559158325,-0.1355399340391159,12.7659574468085,39.43372999589661,-9.506726457399111
0.29943275451660156,-0.1355399340391159,8.265139116202946,38.61304883052935,-6.905829596412559
0.29943275451660156,-0.1175989881157875,6.792144026186577,38.61304883052935,-6.8161434977578494
0.2970551550388336,-0.1175989881157875,3.600654664484452,38.61304883052935,-6.72645739910314
0.2970551550388336,-0.1049899235367775,1.6366612111292795,38.61304883052935,-6.72645739910314
0.3015027642250061,-0.1049899235367775,-0.8183306055646398,38.61304883052935,-6.72645739910314
0.3015027642250061,-0.09730388969182968,-2.4549918166939477,38.61304883052935,-6.72645739910314
0.3005838990211487,-0.09730388969182968,-5.89198036006546,38.695116947066055,-7.533632286995513
0.3005838990211487,-0.08090701699256897,-7.446808510638306,38.777185063602786,-7.713004484304932
0.30214375257492065,-0.08090701699256897,-9.41080196399345,38.85925318013952,-7.713004484304932
0.30214375257492065,-0.06698808819055557,-10.965630114566281,39.18752564628642,-7.892376681614351
0.3036244809627533,-0.06698808819055557,-12.929623567921439,39.26959376282315,-7.892376681614351
0.3036244809627533,-0.055210452526807785,-13.911620294599018,39.35166187935988,-7.892376681614351
0.2972281873226166,-0.055210452526807785,-28.39607201309329,58.14526056627,-40.80717488789237
0.2972281873226166,0.020756375044584274,-28.39607201309329,58.14526056627,-40.62780269058296
0.2894667088985443,0.020756375044584274,-31.99672667757774,51.66187935986869,-27.623318385650222
0.2894667088985443,0.06465522944927216,-32.48772504091653,50.51292572835453,-25.919282511210767
0.2815261483192444,0.06465522944927216,-33.38788870703763,47.80467788264261,-21.524663677130036
0.2815261483192444,0.06869207322597504,-34.45171849427169,46.73779236766515,-19.82062780269058
0.2716555595397949,0.06869207322597504,-36.333878887070384,44.43988510463686,-16.05381165919283
0.2716555595397949,0.06729459762573242,-36.661211129296234,42.880590890439066,-13.721973094170409
0.26170819997787476,0.06729459762573242,-37.97054009819967,40.91095609355767,-10.672645739910308
0.26170819997787476,0.06554211676120758,-39.116202945990175,39.92613869511695,-9.147982062780272
0.247676283121109,0.06554211676120758,-40.58919803600654,38.777185063602786,-7.174887892376674
0.247676283121109,0.06378010660409927,-41.1620294599018,37.38202708247846,-5.11210762331838
0.22812218964099884,0.06378010660409927,-42.06219312602292,34.75584735330324,-0.8968609865470825
0.22812218964099884,0.06161470338702202,-43.044189852700484,33.27862125564218,1.1659192825112257
0.21415051817893982,0.06161470338702202,-45.00818330605565,31.88346327451785,3.4080717488789105
0.21415051817893982,0.061057426035404205,-46.39934533551555,30.652441526466987,5.0224215246636845
0.16839909553527832,0.061057426035404205,-59.00163666121113,20.475995075913005,20.0
0.16839909553527832,0.06094682216644287,-60.55646481178396,18.670496512105046,22.421524663677133
0.14041730761528015,0.06094682216644287,-64.23895253682488,12.84366023799754,30.40358744394618
0.14041730761528015,0.06080110743641853,-65.38461538461539,11.530570373409915,32.28699551569508
0.13170412182807922,0.06080110743641853,-65.63011456628479,10.381616741895769,33.36322869955157
0.13170412182807922,0.06119441241025925,-65.63011456628479,10.381616741895769,33.36322869955157
